API명,항목명(영문),항목명(국문),항목구분,파라미터 구분 / 항목크기,샘플데이터,항목설명
위치기반 관광정보 조회,addr1,주소,0,,서울특별시 중구 명동길 26,"주소(예, 서울중구다동)를응답"
위치기반 관광정보 조회,addr2,상세주소,0,,(명동2가),상세주소
위치기반 관광정보 조회,areacode,지역코드,0,,1 ,지역코드
위치기반 관광정보 조회,booktour,교과서속여행지 여부,0,,,"교과서속여행지여부 (1=여행지, 0=해당없음)"
위치기반 관광정보 조회,cat1,대분류,0,,A02,대분류코드
위치기반 관광정보 조회,cat2,중분류,0,,A0208,중분류코드
위치기반 관광정보 조회,cat3,소분류,0,,A02080300,소분류코드
위치기반 관광정보 조회,contentid,콘텐츠ID,1,,406745 ,콘텐츠ID
위치기반 관광정보 조회,contenttypeid,콘텐츠타입ID,1,,15 ,"관광타입(관광지, 숙박등) ID"
위치기반 관광정보 조회,createdtime,등록일,1,,20080118180330 ,콘텐츠최초등록일
위치기반 관광정보 조회,dist,거리,1,,590 ,중심좌표로부터거리 (단위:m)
위치기반 관광정보 조회,firstimage,대표이미지(원본),0,,http://tong.visitkorea.or.kr/cms/resource/86/2034286_image2_1.jpg,원본대표이미지 (약 500*333 size) URL 응답
위치기반 관광정보 조회,firstimage2,대표이미지(썸네일),0,,http://tong.visitkorea.or.kr/cms/resource/86/2034286_image3_1.jpg,썸네일대표이미지 (약 150*100 size) URL 응답
위치기반 관광정보 조회,cpyrhtDivCd,저작권 유형,0,,Type1,Type1:제1유형(출처표시-권장) Type3:제3유형(제1유형 + 변경금지)
위치기반 관광정보 조회,mapx,GPS X좌표,0,,127 ,GPS X좌표(WGS84 경도좌표) 응답
위치기반 관광정보 조회,mapy,GPS Y좌표,0,,38 ,GPS Y좌표(WGS84 위도좌표) 응답
위치기반 관광정보 조회,mlevel,Map Level,0,,6 ,Map Level 응답
위치기반 관광정보 조회,modifiedtime,수정일,1,,20210125132029 ,콘텐츠수정일
위치기반 관광정보 조회,sigungucode,시군구코드,0,,24 ,시군구코드
위치기반 관광정보 조회,tel,전화번호,0,,02-739-8288,전화번호
위치기반 관광정보 조회,title,제목,1,,난타 (명동),콘텐츠제목
키워드 검색 조회(searchKeyword1),addr1,주소,0,,강원도 춘천시 서면 박사로 1210,"주소(예, 서울중구다동)를응답"
키워드 검색 조회(searchKeyword1),addr2,상세주소,0,,(서면) 부근,상세주소
키워드 검색 조회(searchKeyword1),areacode,지역코드,0,,32 ,지역코드
키워드 검색 조회(searchKeyword1),booktour,교과서속여행지 여부,0,,,"교과서속여행지여부 (1=여행지, 0=해당없음)"
키워드 검색 조회(searchKeyword1),cat1,대분류,0,,A02,대분류코드
키워드 검색 조회(searchKeyword1),cat2,중분류,0,,A0205,중분류코드
키워드 검색 조회(searchKeyword1),cat3,소분류,0,,A02050200,소분류코드
키워드 검색 조회(searchKeyword1),contentid,콘텐츠ID,1,,128778 ,콘텐츠ID
키워드 검색 조회(searchKeyword1),contenttypeid,콘텐츠타입ID,1,,12 ,"관광타입(관광지, 숙박등) ID"
키워드 검색 조회(searchKeyword1),createdtime,등록일,1,,20060209000000 ,콘텐츠최초등록일
키워드 검색 조회(searchKeyword1),firstimage,대표이미지(원본),0,,http://tong.visitkorea.or.kr/cms/resource/71/181971_image2_1.jpg,원본대표이미지 (약 500*333 size) URL 응답
키워드 검색 조회(searchKeyword1),firstimage2,대표이미지(썸네일),0,,http://tong.visitkorea.or.kr/cms/resource/71/181971_image3_1.jpg,썸네일대표이미지 (약 150*100 size) URL 응답
키워드 검색 조회(searchKeyword1),cpyrhtDivCd,저작권 유형,0,,Type1,Type1:제1유형(출처표시-권장) Type3:제3유형(제1유형 + 변경금지)
키워드 검색 조회(searchKeyword1),mapx,GPS X좌표,0,,128 ,GPS X좌표(WGS84 경도좌표) 응답
키워드 검색 조회(searchKeyword1),mapy,GPS Y좌표,0,,38 ,GPS Y좌표(WGS84 위도좌표) 응답
키워드 검색 조회(searchKeyword1),mlevel,Map Level,0,,6 ,Map Level 응답
키워드 검색 조회(searchKeyword1),modifiedtime,수정일,1,,20201224150210 ,콘텐츠수정일
키워드 검색 조회(searchKeyword1),sigungucode,시군구코드,0,,13 ,시군구코드
키워드 검색 조회(searchKeyword1),tel,전화번호,0,,,전화번호
키워드 검색 조회(searchKeyword1),title,제목,1,,강원경찰충혼탑,콘텐츠제목
행사정보조회 (searchFestival1),addr1,주소,0,,충청남도 부여군 규암면 백제문로 388,"주소(예, 서울중구다동)를응답"
행사정보조회 (searchFestival1),addr2,상세주소,0,,-,상세주소
행사정보조회 (searchFestival1),areacode,지역코드,0,,34 ,지역코드
행사정보조회 (searchFestival1),booktour,교과서속여행지 여부,0,,,"교과서속여행지여부
(1=여행지, 0=해당없음)"
행사정보조회 (searchFestival1),cat1,대분류,0,,A02,대분류코드
행사정보조회 (searchFestival1),cat2,중분류,0,,A0208,중분류코드
행사정보조회 (searchFestival1),cat3,소분류,0,,A02080100,소분류코드
행사정보조회 (searchFestival1),contentid,콘텐츠ID,1,,1258353 ,콘텐츠ID
행사정보조회 (searchFestival1),contenttypeid,콘텐츠타입ID,1,,15 ,"관광타입(관광지, 숙박등) ID"
행사정보조회 (searchFestival1),createdtime,등록일,1,,20110418095420 ,콘텐츠최초등록일
행사정보조회 (searchFestival1),eventstartdate,행사시작일,1,,20210306 ,행사시작일 (형식 : YYYYMMDD)
행사정보조회 (searchFestival1),eventenddate,행사종료일,1,,20211030 ,행사종료일 (형식 : YYYYMMDD)
행사정보조회 (searchFestival1),firstimage,대표이미지(원본),0,,http://tong.visitkorea.or.kr/cms/resource/54/2483454_image2_1.JPG,원본대표이미지 (약 500*333 size) URL 응답
행사정보조회 (searchFestival1),firstimage2,대표이미지(썸네일),0,,http://tong.visitkorea.or.kr/cms/resource/54/2483454_image2_1.JPG,썸네일대표이미지 (약 150*100 size) URL 응답
행사정보조회 (searchFestival1),cpyrhtDivCd,저작권 유형,0,,Type1,Type1:제1유형(출처표시-권장) Type3:제3유형(제1유형 + 변경금지)
행사정보조회 (searchFestival1),mapx,GPS X좌표,0,,127 ,GPS X좌표(WGS84 경도좌표) 응답
행사정보조회 (searchFestival1),mapy,GPS Y좌표,0,,36 ,GPS Y좌표(WGS84 위도좌표) 응답
행사정보조회 (searchFestival1),mlevel,Map Level,0,,6 ,Map Level 응답
행사정보조회 (searchFestival1),modifiedtime,수정일,1,,20210226112411 ,콘텐츠수정일
행사정보조회 (searchFestival1),sigungucode,시군구코드,0,,6 ,시군구코드
행사정보조회 (searchFestival1),tel,전화번호,0,,041-832-5765,전화번호
행사정보조회 (searchFestival1),title,제목,1,,가무악극으로 만나는 토요 상설공연,콘텐츠제목
숙박정보조회 (searchStay1),addr1,주소,0,,전라남도여수시시청서6길 3,"주소(예, 서울중구다동)를응답"
숙박정보조회 (searchStay1),addr2,상세주소,0,,(학동),상세주소
숙박정보조회 (searchStay1),areacode,지역코드,0,,38 ,지역코드
숙박정보조회 (searchStay1),benikia,베니키아여부,0,,,베니키아여부 (1=benikia)
숙박정보조회 (searchStay1),booktour,교과서속여행지 여부,0,,,"교과서속여행지여부
(1=여행지, 0=해당없음)"
숙박정보조회 (searchStay1),cat1,대분류,0,,B02,대분류코드
숙박정보조회 (searchStay1),cat2,중분류,0,,B0201,중분류코드
숙박정보조회 (searchStay1),cat3,소분류,0,,B02010100,소분류코드
숙박정보조회 (searchStay1),contentid,콘텐츠ID,1,,1942328 ,콘텐츠ID
숙박정보조회 (searchStay1),contenttypeid,콘텐츠타입ID,1,,32 ,"관광타입(관광지, 숙박등) ID"
숙박정보조회 (searchStay1),createdtime,등록일,1,,20140819161042 ,콘텐츠최초등록일
숙박정보조회 (searchStay1),firstimage,대표이미지(원본),0,,http://tong.visitkorea.or.kr/cms/resource/05/1942305_image2_1.jpg,원본대표이미지 (약 500*333 size) URL 응답
숙박정보조회 (searchStay1),firstimage2,대표이미지(썸네일),0,,http://tong.visitkorea.or.kr/cms/resource/05/1942305_image2_1.jpg,썸네일대표이미지 (약 150*100 size) URL 응답
숙박정보조회 (searchStay1),cpyrhtDivCd,저작권 유형,0,,Type1,Type1:제1유형(출처표시-권장) Type3:제3유형(제1유형 + 변경금지)
숙박정보조회 (searchStay1),goodstay,굿스테이여부,0,,,굿스테이여부 (1= goodstay)
숙박정보조회 (searchStay1),hanok,한옥여부,0,,,한옥여부 (1= hanok)
숙박정보조회 (searchStay1),mapx,GPS X좌표,0,,128 ,GPS X좌표(WGS84 경도좌표) 응답
숙박정보조회 (searchStay1),mapy,GPS Y좌표,0,,35 ,GPS Y좌표(WGS84 위도좌표) 응답
숙박정보조회 (searchStay1),mlevel,Map Level,0,,6 ,Map Level 응답
숙박정보조회 (searchStay1),modifiedtime,수정일,1,,20170414154308 ,콘텐츠수정일
숙박정보조회 (searchStay1),sigungucode,시군구코드,0,,13 ,시군구코드
숙박정보조회 (searchStay1),tel,전화번호,0,,061-686-2000,전화번호
숙박정보조회 (searchStay1),title,제목,1,,베니키아나르샤호텔,콘텐츠제목
공통정보조회 (detailCommon1),contentid,콘텐츠ID,1,기본응답,126508 ,콘텐츠ID
공통정보조회 (detailCommon1),contenttypeid,콘텐츠타입ID,1,기본응답,12 ,"관광타입(관광지, 숙박등) ID"
공통정보조회 (detailCommon1),booktour,교과서여행지여부,0,"defaultYN=Y
(기본정보조회)",1 ,"교과서속여행지여부 (1=여행지, 0=해당없음)"
공통정보조회 (detailCommon1),createdtime,등록일,1,"defaultYN=Y
(기본정보조회)",20031230000000 ,콘텐츠최초등록일
공통정보조회 (detailCommon1),homepage,홈페이지주소,0,"defaultYN=Y
(기본정보조회)","경복궁<a href=""http://www.royalpalace.go.kr/"" target=""_blank"" title=""새창 :경복궁홈페이지로이동"">http://www.royalpalace.go.kr</a><br />
…<이하생략>",홈페이지주소
공통정보조회 (detailCommon1),modifiedtime,수정일,1,"defaultYN=Y
(기본정보조회)",20170825173054 ,콘텐츠수정일
공통정보조회 (detailCommon1),tel,전화번호,0,"defaultYN=Y
(기본정보조회)",,전화번호
공통정보조회 (detailCommon1),telname,전화번호명,0,"defaultYN=Y
(기본정보조회)",,전화번호명
공통정보조회 (detailCommon1),title,콘텐츠명(제목),1,"defaultYN=Y
(기본정보조회)",경복궁,콘텐츠명(제목)
공통정보조회 (detailCommon1),firstimage,대표이미지(원본),0,"firstImageYN=Y
대표이미지조회",http://tong.visitkorea.or.kr/cms/resource/23/2678623_image2_1.jpg,원본대표이미지 (약 500*333 size) URL 응답
공통정보조회 (detailCommon1),firstimage2,대표이미지(썸네일),0,"firstImageYN=Y
대표이미지조회",http://tong.visitkorea.or.kr/cms/resource/23/2678623_image3_1.jpg,썸네일대표이미지 (약 150*100 size) URL 응답
공통정보조회 (detailCommon1),cpyrhtDivCd,저작권 유형 ,0,"firstImageYN=Y
대표이미지조회",Type1,"(Type1:제1유형(출처표시-권장) , Type3:제3유형(제1유형+변경금지)"
공통정보조회 (detailCommon1),areacode,지역코드,0,"areacodeYN=Y
(지역정보조회)",1,지역코드
공통정보조회 (detailCommon1),sigungucode,시군구코드,0,"areacodeYN=Y
(지역정보조회)",23,시군구코드
공통정보조회 (detailCommon1),cat1,대분류,0,"catcodeYN=Y
(분류코드조회)",A02,대분류코드
공통정보조회 (detailCommon1),cat2,중분류,0,"catcodeYN=Y
(분류코드조회)",A0201,중분류코드
공통정보조회 (detailCommon1),cat3,소분류,0,"catcodeYN=Y
(분류코드조회)",A02010100,소분류코드
공통정보조회 (detailCommon1),addr1,주소,0,"addrinfoYN=Y
(주소정보조회)",서울특별시 종로구 사직로 161,"주소(예, 서울중구다동)를응답"
공통정보조회 (detailCommon1),addr2,상세주소,0,"addrinfoYN=Y
(주소정보조회)",,상세주소
공통정보조회 (detailCommon1),zipcode,우편번호,0,"addrinfoYN=Y
(주소정보조회)",3045,우편번호
공통정보조회 (detailCommon1),mapx,GPS X좌표,0,"addrinfoYN=Y
(주소정보조회)",126.976993,GPS X좌표(WGS84 경도좌표) 응답
공통정보조회 (detailCommon1),mapy,GPS Y좌표,0,"addrinfoYN=Y
(주소정보조회)",37.57882224,GPS Y좌표(WGS84 위도좌표) 응답
공통정보조회 (detailCommon1),mlevel,Map Level,0,"addrinfoYN=Y
(주소정보조회)",6,Map Level 응답
공통정보조회 (detailCommon1),overview,개요,0,overviewYN=Y,"경복궁은 1395년태조이성계에의해서새로운조선왕조의법궁으로지어졌다. 경복궁은동궐(창덕궁)이나서궐(경희궁)에비해위치가북쪽에있어 '북궐'이라불리기도했다. 
…<이하생략>",콘텐츠개요조회
소개정보조회 (detailIntro1),contentid,콘텐츠ID,1,기본응답,2674675,콘텐츠ID
소개정보조회 (detailIntro1),contenttypeid,콘텐츠타입ID,1,기본응답,15,"관광타입(관광지, 숙박등) ID"
소개정보조회 (detailIntro1),accomcount,수용인원,0,"contentTypeId=12
(관광지)",,수용인원
소개정보조회 (detailIntro1),chkbabycarriage,유모차대여정보,0,"contentTypeId=12
(관광지)",,유모차대여정보
소개정보조회 (detailIntro1),chkcreditcard,신용카드가능정보,0,"contentTypeId=12
(관광지)",,신용카드가능정보
소개정보조회 (detailIntro1),chkpet,애완동물동반가능정보,0,"contentTypeId=12
(관광지)",,애완동물동반가능정보
소개정보조회 (detailIntro1),expagerange,체험가능연령,0,"contentTypeId=12
(관광지)",,체험가능연령
소개정보조회 (detailIntro1),expguide,체험안내,0,"contentTypeId=12
(관광지)",,체험안내
소개정보조회 (detailIntro1),heritage1,세계문화유산유무,0,"contentTypeId=12
(관광지)",,세계문화유산유무
소개정보조회 (detailIntro1),heritage2,세계자연유산유무,0,"contentTypeId=12
(관광지)",,세계자연유산유무
소개정보조회 (detailIntro1),heritage3,세계기록유산유무,0,"contentTypeId=12
(관광지)",,세계기록유산유무
소개정보조회 (detailIntro1),infocenter,문의및안내,0,"contentTypeId=12
(관광지)",,문의및안내
소개정보조회 (detailIntro1),opendate,개장일,0,"contentTypeId=12
(관광지)",,개장일
소개정보조회 (detailIntro1),parking,주차시설,0,"contentTypeId=12
(관광지)",,주차시설
소개정보조회 (detailIntro1),restdate,쉬는날,0,"contentTypeId=12
(관광지)",,쉬는날
소개정보조회 (detailIntro1),useseason,이용시기,0,"contentTypeId=12
(관광지)",,이용시기
소개정보조회 (detailIntro1),usetime,이용시간,0,"contentTypeId=12
(관광지)",,이용시간
소개정보조회 (detailIntro1),accomcountculture,수용인원,0,"contentTypeId=14
(문화시설)",,수용인원
소개정보조회 (detailIntro1),chkbabycarriageculture,유모차대여정보,0,"contentTypeId=14
(문화시설)",,유모차대여정보
소개정보조회 (detailIntro1),chkcreditcardculture,신용카드가능정보,0,"contentTypeId=14
(문화시설)",,신용카드가능정보
소개정보조회 (detailIntro1),chkpetculture,애완동물동반가능정보,0,"contentTypeId=14
(문화시설)",,애완동물동반가능정보
소개정보조회 (detailIntro1),discountinfo,할인정보,0,"contentTypeId=14
(문화시설)",,할인정보
소개정보조회 (detailIntro1),infocenterculture,문의및안내,0,"contentTypeId=14
(문화시설)",,문의및안내
소개정보조회 (detailIntro1),parkingculture,주차시설,0,"contentTypeId=14
(문화시설)",,주차시설
소개정보조회 (detailIntro1),parkingfee,주차요금,0,"contentTypeId=14
(문화시설)",,주차요금
소개정보조회 (detailIntro1),restdateculture,쉬는날,0,"contentTypeId=14
(문화시설)",,쉬는날
소개정보조회 (detailIntro1),usefee,이용요금,0,"contentTypeId=14
(문화시설)",,이용요금
소개정보조회 (detailIntro1),usetimeculture,이용시간,0,"contentTypeId=14
(문화시설)",,이용시간
소개정보조회 (detailIntro1),scale,규모,0,"contentTypeId=14
(문화시설)",,규모
소개정보조회 (detailIntro1),spendtime,관람소요시간,0,"contentTypeId=14
(문화시설)",,관람소요시간
소개정보조회 (detailIntro1),agelimit,관람가능연령,0,"contentTypeId=15
(행사/공연/축제)",,관람가능연령
소개정보조회 (detailIntro1),bookingplace,예매처,0,"contentTypeId=15
(행사/공연/축제)",,예매처
소개정보조회 (detailIntro1),discountinfofestival,할인정보,0,"contentTypeId=15
(행사/공연/축제)",,할인정보
소개정보조회 (detailIntro1),eventenddate,행사종료일,0,"contentTypeId=15
(행사/공연/축제)",20211231,행사종료일
소개정보조회 (detailIntro1),eventhomepage,행사홈페이지,0,"contentTypeId=15
(행사/공연/축제)",,행사홈페이지
소개정보조회 (detailIntro1),eventplace,행사장소,0,"contentTypeId=15
(행사/공연/축제)",수원화성일원,행사장소
소개정보조회 (detailIntro1),eventstartdate,행사시작일,0,"contentTypeId=15
(행사/공연/축제)",20210101,행사시작일
소개정보조회 (detailIntro1),festivalgrade,축제등급,0,"contentTypeId=15
(행사/공연/축제)",,축제등급(2016-06-17 추가)
소개정보조회 (detailIntro1),placeinfo,행사장위치안내,0,"contentTypeId=15
(행사/공연/축제)",,행사장위치안내
소개정보조회 (detailIntro1),playtime,공연시간,0,"contentTypeId=15
(행사/공연/축제)",연중(밤10시이후제한),공연시간
소개정보조회 (detailIntro1),program,행사프로그램,0,"contentTypeId=15
(행사/공연/축제)",,행사프로그램
소개정보조회 (detailIntro1),spendtimefestival,관람소요시간,0,"contentTypeId=15
(행사/공연/축제)",,관람소요시간
소개정보조회 (detailIntro1),sponsor1,주최자정보,0,"contentTypeId=15
(행사/공연/축제)",수원문화재단,주최자정보
소개정보조회 (detailIntro1),sponsor1tel,주최자연락처,0,"contentTypeId=15
(행사/공연/축제)",031-290-3563,주최자연락처
소개정보조회 (detailIntro1),sponsor2,주관사정보,0,"contentTypeId=15
(행사/공연/축제)","경기관광공사,수원문화재단",주관사정보
소개정보조회 (detailIntro1),sponsor2tel,주관사연락처,0,"contentTypeId=15
(행사/공연/축제)",031-290-3563,주관사연락처
소개정보조회 (detailIntro1),subevent,부대행사,0,"contentTypeId=15
(행사/공연/축제)",,부대행사내용
소개정보조회 (detailIntro1),usetimefestival,이용요금,0,"contentTypeId=15
(행사/공연/축제)","7,500원",이용요금
소개정보조회 (detailIntro1),distance,코스총거리,0,"contentTypeId=25
(여행코스)",,코스총거리 (신규항목)
소개정보조회 (detailIntro1),infocentertourcourse,문의및안내,0,"contentTypeId=25
(여행코스)",,문의및안내
소개정보조회 (detailIntro1),schedule,코스일정,0,"contentTypeId=25
(여행코스)",,코스일정
소개정보조회 (detailIntro1),taketime,코스총소요시간,0,"contentTypeId=25
(여행코스)",,코스총소요시간 (신규항목)
소개정보조회 (detailIntro1),theme,코스테마,0,"contentTypeId=25
(여행코스)",,코스테마
소개정보조회 (detailIntro1),accomcountleports,수용인원,0,"contentTypeId=28
(레포츠)",,수용인원
소개정보조회 (detailIntro1),chkbabycarriageleports,유모차대여정보,0,"contentTypeId=28
(레포츠)",,유모차대여정보
소개정보조회 (detailIntro1),chkcreditcardleports,신용카드가능정보,0,"contentTypeId=28
(레포츠)",,신용카드가능정보
소개정보조회 (detailIntro1),chkpetleports,애완동물동반가능정보,0,"contentTypeId=28
(레포츠)",,애완동물동반가능정보
소개정보조회 (detailIntro1),expagerangeleports,체험가능연령,0,"contentTypeId=28
(레포츠)",,체험가능연령
소개정보조회 (detailIntro1),infocenterleports,문의및안내,0,"contentTypeId=28
(레포츠)",,문의및안내
소개정보조회 (detailIntro1),openperiod,개장기간,0,"contentTypeId=28
(레포츠)",,개장기간
소개정보조회 (detailIntro1),parkingfeeleports,주차요금,0,"contentTypeId=28
(레포츠)",,주차요금
소개정보조회 (detailIntro1),parkingleports,주차시설,0,"contentTypeId=28
(레포츠)",,주차시설
소개정보조회 (detailIntro1),reservation,예약안내,0,"contentTypeId=28
(레포츠)",,예약안내
소개정보조회 (detailIntro1),restdateleports,쉬는날,0,"contentTypeId=28
(레포츠)",,쉬는날
소개정보조회 (detailIntro1),scaleleports,규모,0,"contentTypeId=28
(레포츠)",,규모
소개정보조회 (detailIntro1),usefeeleports,입장료,0,"contentTypeId=28
(레포츠)",,입장료
소개정보조회 (detailIntro1),usetimeleports,이용시간,0,"contentTypeId=28
(레포츠)",,이용시간
소개정보조회 (detailIntro1),accomcountlodging,수용가능인원,0,"contentTypeId=32
(숙박)",,수용가능인원
소개정보조회 (detailIntro1),benikia,베니키아여부,0,"contentTypeId=32
(숙박)",,베니키아여부
소개정보조회 (detailIntro1),checkintime,입실시간,0,"contentTypeId=32
(숙박)",,입실시간
소개정보조회 (detailIntro1),checkouttime,퇴실시간,0,"contentTypeId=32
(숙박)",,퇴실시간
소개정보조회 (detailIntro1),chkcooking,객실내취사여부,0,"contentTypeId=32
(숙박)",,객실내취사여부
소개정보조회 (detailIntro1),foodplace,식음료장,0,"contentTypeId=32
(숙박)",,식음료장
소개정보조회 (detailIntro1),goodstay,굿스테이여부,0,"contentTypeId=32
(숙박)",,굿스테이여부
소개정보조회 (detailIntro1),hanok,한옥여부,0,"contentTypeId=32
(숙박)",,한옥여부
소개정보조회 (detailIntro1),infocenterlodging,문의및안내,0,"contentTypeId=32
(숙박)",,문의및안내
소개정보조회 (detailIntro1),parkinglodging,주차시설,0,"contentTypeId=32
(숙박)",,주차시설
소개정보조회 (detailIntro1),pickup,픽업서비스,0,"contentTypeId=32
(숙박)",,픽업서비스
소개정보조회 (detailIntro1),roomcount,객실수,0,"contentTypeId=32
(숙박)",,객실수
소개정보조회 (detailIntro1),reservationlodging,예약안내,0,"contentTypeId=32
(숙박)",,예약안내
소개정보조회 (detailIntro1),reservationurl,예약안내홈페이지,0,"contentTypeId=32
(숙박)",,예약안내홈페이지
소개정보조회 (detailIntro1),roomtype,객실유형,0,"contentTypeId=32
(숙박)",,객실유형
소개정보조회 (detailIntro1),scalelodging,규모,0,"contentTypeId=32
(숙박)",,규모
소개정보조회 (detailIntro1),subfacility,부대시설 (기타),0,"contentTypeId=32
(숙박)",,부대시설 (기타)
소개정보조회 (detailIntro1),barbecue,바비큐장여부,0,"contentTypeId=32
(숙박)",,부대시설정보
소개정보조회 (detailIntro1),beauty,뷰티시설정보,0,"contentTypeId=32
(숙박)",,부대시설정보
소개정보조회 (detailIntro1),beverage,식음료장여부,0,"contentTypeId=32
(숙박)",,부대시설정보
소개정보조회 (detailIntro1),bicycle,자전거대여여부,0,"contentTypeId=32
(숙박)",,부대시설정보
소개정보조회 (detailIntro1),campfire,캠프파이어여부,0,"contentTypeId=32
(숙박)",,부대시설정보
소개정보조회 (detailIntro1),fitness,휘트니스센터여부,0,"contentTypeId=32
(숙박)",,부대시설정보
소개정보조회 (detailIntro1),karaoke,노래방여부,0,"contentTypeId=32
(숙박)",,부대시설정보
소개정보조회 (detailIntro1),publicbath,공용샤워실여부,0,"contentTypeId=32
(숙박)",,부대시설정보
소개정보조회 (detailIntro1),publicpc,공용 PC실여부,0,"contentTypeId=32
(숙박)",,부대시설정보
소개정보조회 (detailIntro1),sauna,사우나실여부,0,"contentTypeId=32
(숙박)",,부대시설정보
소개정보조회 (detailIntro1),seminar,세미나실여부,0,"contentTypeId=32
(숙박)",,부대시설정보
소개정보조회 (detailIntro1),sports,스포츠시설여부,0,"contentTypeId=32
(숙박)",,부대시설정보
소개정보조회 (detailIntro1),refundregulation,환불규정,0,"contentTypeId=32
(숙박)",,"환불규정
(2018-11-01 추가)"
소개정보조회 (detailIntro1),chkbabycarriageshopping,유모차대여정보,0,"contentTypeId=38
(쇼핑)",,유모차대여정보
소개정보조회 (detailIntro1),chkcreditcardshopping,신용카드가능정보,0,"contentTypeId=38
(쇼핑)",,신용카드가능정보
소개정보조회 (detailIntro1),chkpetshopping,애완동물동반가능정보,0,"contentTypeId=38
(쇼핑)",,애완동물동반가능정보
소개정보조회 (detailIntro1),culturecenter,문화센터바로가기,0,"contentTypeId=38
(쇼핑)",,문화센터바로가기
소개정보조회 (detailIntro1),fairday,장서는날,0,"contentTypeId=38
(쇼핑)",,장서는날
소개정보조회 (detailIntro1),infocentershopping,문의및안내,0,"contentTypeId=38
(쇼핑)",,문의및안내
소개정보조회 (detailIntro1),opendateshopping,개장일,0,"contentTypeId=38
(쇼핑)",,개장일
소개정보조회 (detailIntro1),opentime,영업시간,0,"contentTypeId=38
(쇼핑)",,영업시간
소개정보조회 (detailIntro1),parkingshopping,주차시설,0,"contentTypeId=38
(쇼핑)",,주차시설
소개정보조회 (detailIntro1),restdateshopping,쉬는날,0,"contentTypeId=38
(쇼핑)",,쉬는날
소개정보조회 (detailIntro1),restroom,화장실설명,0,"contentTypeId=38
(쇼핑)",,화장실설명
소개정보조회 (detailIntro1),saleitem,판매품목,0,"contentTypeId=38
(쇼핑)",,판매품목
소개정보조회 (detailIntro1),saleitemcost,판매품목별가격,0,"contentTypeId=38
(쇼핑)",,판매품목별가격
소개정보조회 (detailIntro1),scaleshopping,규모,0,"contentTypeId=38
(쇼핑)",,규모
소개정보조회 (detailIntro1),shopguide,매장안내,0,"contentTypeId=38
(쇼핑)",,매장안내
소개정보조회 (detailIntro1),chkcreditcardfood,신용카드가능정보,0,"contentTypeId=39
(음식점)",,신용카드가능정보
소개정보조회 (detailIntro1),discountinfofood,할인정보,0,"contentTypeId=39
(음식점)",,할인정보
소개정보조회 (detailIntro1),firstmenu,대표메뉴,0,"contentTypeId=39
(음식점)",,대표메뉴
소개정보조회 (detailIntro1),infocenterfood,문의및안내,0,"contentTypeId=39
(음식점)",,문의및안내
소개정보조회 (detailIntro1),kidsfacility,어린이놀이방여부,0,"contentTypeId=39
(음식점)",,어린이놀이방여부
소개정보조회 (detailIntro1),opendatefood,개업일,0,"contentTypeId=39
(음식점)",,개업일
소개정보조회 (detailIntro1),opentimefood,영업시간,0,"contentTypeId=39
(음식점)",,영업시간
소개정보조회 (detailIntro1),packing,포장가능,0,"contentTypeId=39
(음식점)",,포장가능
소개정보조회 (detailIntro1),parkingfood,주차시설,0,"contentTypeId=39
(음식점)",,주차시설
소개정보조회 (detailIntro1),reservationfood,예약안내,0,"contentTypeId=39
(음식점)",,예약안내
소개정보조회 (detailIntro1),restdatefood,쉬는날,0,"contentTypeId=39
(음식점)",,쉬는날
소개정보조회 (detailIntro1),scalefood,규모,0,"contentTypeId=39
(음식점)",,규모
소개정보조회 (detailIntro1),seat,좌석수,0,"contentTypeId=39
(음식점)",,좌석수
소개정보조회 (detailIntro1),smoking,금연/흡연여부,0,"contentTypeId=39
(음식점)",,금연/흡연여부
소개정보조회 (detailIntro1),treatmenu,취급메뉴,0,"contentTypeId=39
(음식점)",,취급메뉴
소개정보조회 (detailIntro1),lcnsno,인허가번호,0,"contentTypeId=39
(음식점)",,인허가번호
반복정보조회 (detailInfo1),contentid,콘텐츠ID,1,기본응답,2674675,콘텐츠ID
반복정보조회 (detailInfo1),contenttypeid,콘텐츠타입ID,1,기본응답,15,"관광타입(관광지, 숙박등) ID"
반복정보조회 (detailInfo1),fldgubun,일련번호,0,"숙박, 여행코스를제외한타입",1,일련번호
반복정보조회 (detailInfo1),infoname,제목,0,"숙박, 여행코스를제외한타입",행사소개,제목
반복정보조회 (detailInfo1),infotext,내용,0,"숙박, 여행코스를제외한타입","스마트폰으로 수원화성 일원에서 진행하는 
방탈출 게임 형식의 콘텐츠로 증강현실…<이하생략>",내용
반복정보조회 (detailInfo1),serialnum,반복일련번호,0,"숙박, 여행코스를제외한타입",0,반복일련번호
반복정보조회 (detailInfo1),subcontentid,하위콘텐츠ID,0,"contentTypeId=25
(여행코스)",,하위콘텐츠ID
반복정보조회 (detailInfo1),subdetailalt,코스이미지설명,0,"contentTypeId=25
(여행코스)",,코스이미지설명
반복정보조회 (detailInfo1),subdetailimg,코스이미지,0,"contentTypeId=25
(여행코스)",,코스이미지
반복정보조회 (detailInfo1),subdetailoverview,코스개요,0,"contentTypeId=25
(여행코스)",,코스개요
반복정보조회 (detailInfo1),subname,코스명,0,"contentTypeId=25
(여행코스)",,코스명
반복정보조회 (detailInfo1),subnum,반복일련번호,0,"contentTypeId=25
(여행코스)",,반복일련번호
반복정보조회 (detailInfo1),roomcode,객실코드,0,"contentTypeId=32
(숙박)",,객실코드
반복정보조회 (detailInfo1),roomtitle,객실명칭,0,"contentTypeId=32
(숙박)",,객실명칭
반복정보조회 (detailInfo1),roomsize1,객실크기(평),0,"contentTypeId=32
(숙박)",,객실크기(평)
반복정보조회 (detailInfo1),roomcount,객실수,0,"contentTypeId=32
(숙박)",,객실수
반복정보조회 (detailInfo1),roombasecount,기준인원,0,"contentTypeId=32
(숙박)",,기준인원
반복정보조회 (detailInfo1),roommaxcount,최대인원,0,"contentTypeId=32
(숙박)",,최대인원
반복정보조회 (detailInfo1),roomoffseasonminfee1,비수기주중최소,0,"contentTypeId=32
(숙박)",,비수기주중최소
반복정보조회 (detailInfo1),roomoffseasonminfee2,비수기주말최소,0,"contentTypeId=32
(숙박)",,비수기주말최소
반복정보조회 (detailInfo1),roompeakseasonminfee1,성수기주중최소,0,"contentTypeId=32
(숙박)",,성수기주중최소
반복정보조회 (detailInfo1),roompeakseasonminfee2,성수기주말최소,0,"contentTypeId=32
(숙박)",,성수기주말최소
반복정보조회 (detailInfo1),roomintro,객실소개,0,"contentTypeId=32
(숙박)",,객실소개
반복정보조회 (detailInfo1),roombathfacility,목욕시설여부,0,"contentTypeId=32
(숙박)",,목욕시설여부
반복정보조회 (detailInfo1),roombath,욕조여부,0,"contentTypeId=32
(숙박)",,욕조여부
반복정보조회 (detailInfo1),roomhometheater,홈시어터여부,0,"contentTypeId=32
(숙박)",,홈시어터여부
반복정보조회 (detailInfo1),roomaircondition,에어컨여부,0,"contentTypeId=32
(숙박)",,에어컨여부
반복정보조회 (detailInfo1),roomtv,TV 여부,0,"contentTypeId=32
(숙박)",,TV 여부
반복정보조회 (detailInfo1),roompc,PC 여부,0,"contentTypeId=32
(숙박)",,PC
반복정보조회 (detailInfo1),roomcable,케이블설치여부,0,"contentTypeId=32
(숙박)",,케이블설치여부
반복정보조회 (detailInfo1),roominternet,인터넷여부,0,"contentTypeId=32
(숙박)",,인터넷여부
반복정보조회 (detailInfo1),roomrefrigerator,냉장고여부,0,"contentTypeId=32
(숙박)",,냉장고여부
반복정보조회 (detailInfo1),roomtoiletries,세면도구여부,0,"contentTypeId=32
(숙박)",,세면도구여부
반복정보조회 (detailInfo1),roomsofa,소파여부,0,"contentTypeId=32
(숙박)",,소파여부
반복정보조회 (detailInfo1),roomcook,취사용품여부,0,"contentTypeId=32
(숙박)",,취사용품여부
반복정보조회 (detailInfo1),roomtable,테이블여부,0,"contentTypeId=32
(숙박)",,테이블여부
반복정보조회 (detailInfo1),roomhairdryer,드라이기여부,0,"contentTypeId=32
(숙박)",,드라이기여부
반복정보조회 (detailInfo1),roomsize2,객실크기(평방미터),0,"contentTypeId=32
(숙박)",,객실크기(평방미터)
반복정보조회 (detailInfo1),roomimg1,객실사진1,0,"contentTypeId=32
(숙박)",,객실사진1
반복정보조회 (detailInfo1),roomimg1alt,객실사진1 설명,0,"contentTypeId=32
(숙박)",,객실사진1 설명
반복정보조회 (detailInfo1),cpyrhtDivCd1,저작권 유형 1,0,"contentTypeId=32
(숙박)","(Type1:제1유형(출처표시-권장) , Type3:제3유형(제1유형+변경금지",cpyrhtDivCd1
반복정보조회 (detailInfo1),roomimg2,객실사진2,0,"contentTypeId=32
(숙박)",,객실사진2
반복정보조회 (detailInfo1),roomimg2alt,객실사진2 설명,0,"contentTypeId=32
(숙박)",,객실사진2 설명
반복정보조회 (detailInfo1),cpyrhtDivCd2,저작권 유형 2,0,"contentTypeId=32
(숙박)","(Type1:제1유형(출처표시-권장) , Type3:제3유형(제1유형+변경금지",cpyrhtDivCd2
반복정보조회 (detailInfo1),roomimg3,객실사진3,0,"contentTypeId=32
(숙박)",,객실사진3
반복정보조회 (detailInfo1),roomimg3alt,객실사진3 설명,0,"contentTypeId=32
(숙박)",,객실사진3 설명
반복정보조회 (detailInfo1),cpyrhtDivCd3,저작권 유형 3,0,"contentTypeId=32
(숙박)","(Type1:제1유형(출처표시-권장) , Type3:제3유형(제1유형+변경금지",cpyrhtDivCd3
반복정보조회 (detailInfo1),roomimg4,객실사진4,0,"contentTypeId=32
(숙박)",,객실사진4
반복정보조회 (detailInfo1),roomimg4alt,객실사진4 설명,0,"contentTypeId=32
(숙박)",,객실사진4 설명
반복정보조회 (detailInfo1),cpyrhtDivCd4,저작권 유형 4,0,"contentTypeId=32
(숙박)","(Type1:제1유형(출처표시-권장) , Type3:제3유형(제1유형+변경금지",cpyrhtDivCd4
반복정보조회 (detailInfo1),roomimg5,객실사진5,0,"contentTypeId=32
(숙박)",,객실사진5
반복정보조회 (detailInfo1),roomimg5alt,객실사진5 설명,0,"contentTypeId=32
(숙박)",,객실사진5 설명
반복정보조회 (detailInfo1),cpyrhtDivCd5,저작권 유형 5,0,"contentTypeId=32
(숙박)","(Type1:제1유형(출처표시-권장) , Type3:제3유형(제1유형+변경금지",cpyrhtDivCd5
이미지정보조회 (detailImage1),contentid,콘텐츠ID,1,12,1095732,콘텐츠ID
이미지정보조회 (detailImage1),imgname,이미지명,0,1000,,이미지명
이미지정보조회 (detailImage1),originimgurl,원본이미지,0,100,http://tong.visitkorea.or.kr/cms/resource/32/2680832_image2_1.jpg,"원본이미지
(약 500*333 size)"
이미지정보조회 (detailImage1),serialnum,이미지일련번호,0,12,2680832_11,이미지일련번호
이미지정보조회 (detailImage1),cpyrhtDivCd,저작권 유형 ,0,10,Type1,"(Type1:제1유형(출처표시-권장) , Type3:제3유형(제1유형+변경금지"
이미지정보조회 (detailImage1),smallimageurl,썸네일이미지,0,100,http://tong.visitkorea.or.kr/cms/resource/32/2680832_image2_1.jpg,"썸네일이미지
(약 160*100 size)"
관광정보 동기화 목록 조회 (areaBasedSyncList1),addr1,주소,0,,대구광역시 동구 동화사1길 1,"주소(예, 서울 중구 다동)를 응답"
관광정보 동기화 목록 조회 (areaBasedSyncList1),addr2,상세주소,0,,(도학동),상세주소
관광정보 동기화 목록 조회 (areaBasedSyncList1),areacode,지역코드,0,,4,지역코드
관광정보 동기화 목록 조회 (areaBasedSyncList1),booktour,교과서 속 여행지,0,,0,교과서 속 여행지 여부
관광정보 동기화 목록 조회 (areaBasedSyncList1),,여부,,,,"(1=여행지, 0=해당없음)"
관광정보 동기화 목록 조회 (areaBasedSyncList1),cat1,대분류,0,,A02,대분류 코드
관광정보 동기화 목록 조회 (areaBasedSyncList1),cat2,중분류,0,,A0207,중분류 코드
관광정보 동기화 목록 조회 (areaBasedSyncList1),cat3,소분류,0,,A02070200,소분류 코드
관광정보 동기화 목록 조회 (areaBasedSyncList1),contentid,콘텐츠ID,1,,2034152,콘텐츠ID
관광정보 동기화 목록 조회 (areaBasedSyncList1),contenttypeid,콘텐츠타입ID,1,,15,"관광타입(관광지, 숙박 등) ID"
관광정보 동기화 목록 조회 (areaBasedSyncList1),createdtime,등록일,1,,2.0151E+13,콘텐츠 최초 등록일
관광정보 동기화 목록 조회 (areaBasedSyncList1),firstimage,대표이미지(원본),0,,http://tong.visitkorea.or.kr/cms/resource/80/1574180_image2_1.jpg,"원본 대표이미지
(약 500*333 size) URL 응답"
관광정보 동기화 목록 조회 (areaBasedSyncList1),firstimage2,대표이미지(썸네일),0,,http://tong.visitkorea.or.kr/cms/resource/80/1574180_image3_1.jpg,"썸네일 대표이미지
(약 150*100 size) URL 응답"
관광정보 동기화 목록 조회 (areaBasedSyncList1),cpyrhtDivCd,저작권 유형,0,,Type1,"(Type1:제1유형(출처표시-권장) , Type3:제3유형(제1유형+변경금지)"
관광정보 동기화 목록 조회 (areaBasedSyncList1),mapx,GPS X좌표,0,,128.7044414,GPS X좌표(WGS84 경도 좌표) 응답
관광정보 동기화 목록 조회 (areaBasedSyncList1),mapy,GPS Y좌표,0,,35.99064723,GPS Y좌표(WGS84 위도 좌표) 응답
관광정보 동기화 목록 조회 (areaBasedSyncList1),mlevel,Map Level,0,,6,Map Level 응답
관광정보 동기화 목록 조회 (areaBasedSyncList1),modifiedtime,수정일,1,,2.01703E+13,콘텐츠 수정일
관광정보 동기화 목록 조회 (areaBasedSyncList1),showflag,표출여부,1,,1,콘텐츠 표출여부
관광정보 동기화 목록 조회 (areaBasedSyncList1),sigungucode,시군구코드,0,,4,시군구코드
관광정보 동기화 목록 조회 (areaBasedSyncList1),tel,전화번호,0,,053-980-7900,전화번호
관광정보 동기화 목록 조회 (areaBasedSyncList1),title,제목,1,,동화사 승시 국화축제 2016,콘텐츠 제목
관광정보 동기화 목록 조회 (areaBasedSyncList1),zipcode,우편번호,0,,,우편번호
지역코드조회,code,코드,1,,1,지역코드또는시군구코드
지역코드조회,name,코드명,1,,강남구,지역명또는시군구명
지역코드조회,rnum,일련번호,1,,1,일련번호
반려동물 동반 여행 정보,acmpyPsblCpam,동반가능동물,0,,"입마개 착용, 목줄 착용",동반가능동물
반려동물 동반 여행 정보,relaRntlPrdlst,관련 렌탈 품목,0,,,관련 렌탈 품목
반려동물 동반 여행 정보,acmpyNeedMtr,동반시 필요사항,0,,제한 없음,동반시 필요사항
반려동물 동반 여행 정보,relaFrnshPrdlst,관련 비치 품목,0,,,관련 비치 품목
반려동물 동반 여행 정보,etcAcmpyInfo,기타 동반 정보,0,,"-	목줄 착용 및 이동장 이용시 동반입장 가능
-	맹견은 입마개 필수
-	입장 전 매표소에서 동의서 작성",기타 동반 정보
반려동물 동반 여행 정보,relaPurcPrdlst,관련 구매 품목,0,,,관련 구매 품목
반려동물 동반 여행 정보,relaAcdntRiskMtr,관련 사고 대비사항,0,,,관련 사고 대비사항
반려동물 동반 여행 정보,acmpyTypeCd,동반유형코드(동반구분),0,,동반가능,동반유형코드(동반구분)
반려동물 동반 여행 정보,relaPosesFclty,관련 구비 시설,0,,입장 전 동의서 작성,관련 구비 시설
반려동물 동반 여행 정보,contentid,콘텐츠 ID,0,,125534,콘텐츠 ID
반려동물 동반 여행 정보,petTursmInfo,반려동물 관광정보,0,,,반려동물 관광정보
서비스분류코드조회 (categoryCode1),code,코드,1,,A01,"대,중,소분류코드"
서비스분류코드조회 (categoryCode1),name,코드명,1,,자연,"대,중,소분류코드명"
서비스분류코드조회 (categoryCode1),rnum,일련번호,1,,1,일련번호
지역기반 관광 정보조회(areaBasedList1),addr1,주소,0,,대구광역시 동구 동부로26길 6,"주소(예, 서울중구다동)를응답"
지역기반 관광 정보조회(areaBasedList1),addr2,상세주소,0,,,상세주소
지역기반 관광 정보조회(areaBasedList1),areacode,지역코드,0,,4,지역코드
지역기반 관광 정보조회(areaBasedList1),booktour,교과서속여행지,0,,0,교과서속여행지여부
지역기반 관광 정보조회(areaBasedList1),,여부,,,,"(1=여행지, 0=해당없음)"
지역기반 관광 정보조회(areaBasedList1),cat1,대분류,0,,B02,대분류코드
지역기반 관광 정보조회(areaBasedList1),cat2,중분류,0,,B0201,중분류코드
지역기반 관광 정보조회(areaBasedList1),cat3,소분류,0,,B02010100,소분류코드
지역기반 관광 정보조회(areaBasedList1),contentid,콘텐츠ID,1,,2721572,콘텐츠ID
지역기반 관광 정보조회(areaBasedList1),contenttypeid,콘텐츠타입ID,1,,32,"관광타입(관광지, 숙박등) ID"
지역기반 관광 정보조회(areaBasedList1),createdtime,등록일,1,,2.02106E+13,콘텐츠최초등록일
지역기반 관광 정보조회(areaBasedList1),firstimage,대표이미지(원본),0,,http://tong.visitkorea.or.kr/cms/resource/53/2721553_image2_1.jpg,"원본대표이미지
(약 500*333 size) URL 응답"
지역기반 관광 정보조회(areaBasedList1),firstimage2,대표이미지(썸네일),0,,http://tong.visitkorea.or.kr/cms/resource/53/2721553_image2_1.jpg,"썸네일대표이미지
(약 150*100 size) URL 응답"
지역기반 관광 정보조회(areaBasedList1),cpyrhtDivCd,저작권 유형,0,,Type1,"Type1:제1유형(출처표시-권장)
Type3:제3유형(제1유형 + 변경금지)"
지역기반 관광 정보조회(areaBasedList1),mapx,GPS X좌표,0,,128.6276708,GPS X좌표(WGS84 경도좌표) 응답
지역기반 관광 정보조회(areaBasedList1),mapy,GPS Y좌표,0,,35.87536442,GPS Y좌표(WGS84 위도좌표) 응답
지역기반 관광 정보조회(areaBasedList1),mlevel,Map Level,0,,6,Map Level 응답
지역기반 관광 정보조회(areaBasedList1),modifiedtime,수정일,1,,2.02106E+13,콘텐츠수정일
지역기반 관광 정보조회(areaBasedList1),sigungucode,시군구코드,0,,4,시군구코드
지역기반 관광 정보조회(areaBasedList1),tel,전화번호,0,,,전화번호
지역기반 관광 정보조회(areaBasedList1),title,제목,1,,대구메리어트 호텔,콘텐츠제목
지역기반 관광 정보조회(areaBasedList1),zipcode,우편번호,0,,41243,우편번호
